"Timestamp","Nombre del codificador","Fecha de captura","1. Nombre del medio","2. Fecha de publicaci√≥n","3. Autor(a)","4. Lugar de la edici√≥n","5. T√≠tulo de la nota","6. Recursos t√©cnicos","7. G√©nero period√≠stico","8. Valoraci√≥n general de la nota","8.1 Transcribe el sustento para la valoraci√≥n general (positiva o negativa) de la nota. En caso de que sea neutral, escribe N/A. ","9. ¬øHay s√≠mbolos pol√≠ticos presentes en la nota period√≠stica (texto y/o imagen)? ","9.1 ¬øCu√°les?","10. ¬øSe habla de alg√∫n colectivo en la nota?","10.1 ¬øCu√°l colectivo se menciona en la nota? ","11. ¬øLa nota tiene alguno de los siguientes elementos? ","Transcribe lo que sustenta la respuesta anterior","12. ¬øLa nota reporta un conflicto dentro de la marcha? ","12.1 ¬øQui√©n es el actor involucrado en el que se enfoca la pieza? ","13. ¬øLa nota reporta un conflicto fuera de la marcha? ","13.1 ¬øQui√©n es el actor involucrado en el que se enfoca la pieza? ","14. ¬øLa nota recupera el contenido de los carteles? ","14.1 Transcribe el contenido de los carteles que recupera la pieza. ","¬øLa nota recupera el contenido de las pintas? ","Transcribe el contenido de los pintas que recupera la pieza. ","¬øLa nota recupera el contenido de consignas? ","Transcribe las consignas que recupera la pieza. ","¬øTiene foto de un cartel/ pinta? ","Haz una descripci√≥n breve de la fotograf√≠a. "
"2025/03/31 5:20:08 PM CST","Raquel Johannsen","2025-03-31","ZonaDocs","2025-03-04","ZonaDocs","Local","¬øC√≥mo podemos cuidarnos durante la marcha #8M?","Fotograf√≠a;Infograf√≠a;Video","Nota informativa","Neutral","N/A","S√≠","Colores","S√≠","YoVoy8M;Familias de personas desaparecidas y v√≠ctimas de feminicidio","No contiene","","No","","No","","No","","No","","No","","S√≠","El punto es que todas hemos sido acosadas, no que todos acosan"
"2025/03/31 5:41:39 PM CST","Raquel Johannsen","2025-03-31","ZonaDocs","2025-03-11","Aletse Torres","Local","‚Äú#8M sobre ruedas‚Äù: por el derecho a moverse libremente","Fotograf√≠a","Entrevista","Positiva","A trav√©s de su participaci√≥n, las ciclistas buscan no solamente visibilizarse, sino tambi√©n reivindicar su derecho a moverse libremente por las ciudades sin miedo a la violencia de g√©nero, un problema que sigue afectando a muchas mujeres en M√©xico.","S√≠","Colores","No","","No contiene","","No","","No","","No","","No","","No","","S√≠","Somos la voz de las que ya no est√°n "
"2025/03/31 5:46:56 PM CST","Raquel Johannsen","2025-03-31","ZonaDocs","2025-03-09","Alondra Angel","Local","‚ÄúQueremos salir tranquilas a las calles‚Äù: Infancias en el 8M en Guadalajara","Fotograf√≠a","Entrevista","Positiva","Adem√°s de ejercer su derecho a la participaci√≥n, estas ni√±as y adolescentes expresaron cu√°les son sus sentipensares frente a la violencia generalizada en el pa√≠s y c√≥mo es que imaginan el futuro. Aqu√≠ las voces de quienes est√°n por heredar el futuro de esta lucha.

","S√≠","Colores","S√≠","YoVoy8M","No contiene","","No","","No","","No","","No","","No","","S√≠","""Esto es pelear como ni√±a""
""Mam√° hoy voy a gritar lo que a ti te hicieron callar""
""Ser emocional no me hace irracional""
""Que los ojos de las ni√±as desaparecidas te persigan en tus suelos, y el llanto de sus madres no te dejen dormir""
""Mam√° tranquila, hoy no voy sola por la calle""
""Marcho hoy con mis hijas por no marchar ma√±ana por ellas""
""Mi hijo s√≠ sabr√° respetar a las mujeres!"
"2025/03/31 5:56:01 PM CST","Raquel Johannsen","2025-03-31","ZonaDocs","2025-03-09","Aletse Torres","Local","‚ÄúLes queremos de vuelta‚Äù: mujeres buscadoras marchan este #8M","Fotograf√≠a","Entrevista","Positiva","El 8 de marzo, en el marco del D√≠a Internacional de la Mujer, un grupo de mujeres se unieron en las calles para exigir justicia, visibilidad y, sobre todo, el regreso de sus seres queridos desaparecidos. En una marcha llena de esperanza, rabia y lucha, se escucharon los gritos de quienes siguen buscando a sus hijas, hijos, madres, hermanas y seres amados, ante la indiferencia de las autoridades.","S√≠","Colores;Fichas de desaparecidos","No","","Hashtag","#hastaencontrarte #encontremosachristiane #8M2025","No","","No","","No","","No","","S√≠","‚Äú¬øD√≥nde est√°n lxs desaparecidxs?‚Äù, ‚ÄúNo estamos todxs, nos faltan lxs desaparecidxs‚Äù fueron algunas de las consignas que corearon lxs colectivos de familias buscadoras de Jalisco la tarde del 8 de marzo de 2025.","S√≠","8M Mam√° esto es por ti, te amo"
"2025/03/31 6:02:56 PM CST","Raquel Johannsen","2025-03-31","ZonaDocs","2025-03-04","Vanessa Briseno","Local","Por la rabia y la esperanza: Guadalajara se prepara para la marcha del 8M","Fotograf√≠a;Gr√°fica","Nota informativa","Neutral","N/A","S√≠","Colores","S√≠","YoVoy8M;Tapat√≠as discas;Familias de personas desaparecidas y v√≠ctimas de feminicidio;La Red de Maestras Feministas, ","Hashtag;No contiene","#RumboAl8M #YoVoy8M","No","","No","","No","","No","","S√≠","El lema de la marcha por El D√≠a Internacional de la Mujer este a√±o es ‚ÄúDesde la rabia, lucha y esperanza‚Äù, una consigna que surgi√≥ de los di√°logos dentro de la Red #YoVoy8M y que refleja el sentir de quienes participan. En conversaci√≥n con ZonaDocs, la Red mencion√≥ que el lema surgi√≥ a partir de la discusi√≥n sobre la violencia que atraviesan las mujeres y las disidencias, se busc√≥ una frase que reconociera la indignaci√≥n colectiva sin perder de vista la necesidad de transformar esa emoci√≥n en acci√≥n. ","No",""
"2025/03/31 6:15:49 PM CST","Raquel Johannsen","2025-03-31","ZonaDocs","2025-03-09","ZonaDocs","Local","Postales de la justa rabia: #8M en Guadalajara","Fotograf√≠a","Reportaje o cr√≥nica","Positiva","Unas 30 mil manifestantes femeninas se reunieron en la capital de Jalisco, Guadalajara, para marcar el D√≠a Internacional de lucha para los Derechos de la mujeres.  Todas ten√≠an la misma misi√≥n : exigir justicia para las mujeres.","S√≠","Banderas;Colores;Fichas de desaparecidos","No","","No contiene","","No","","No","","S√≠","No nos pidan un 8M en calma cuando todo el a√±o nos la quitan
Juntas somos m√°s fuertes
Quiero vivir, no sobrevivir
Te quiero bonita, te quiero poderosa
Nuestro grito viene de un coraz√≥n cansado de vivir con miedo Menos machito, m√°s michitos
Libres y vivas
Yo no sal√≠, estaba en la escuela Fuimos todas
No llegamos todas, nos faltan 100mil
Que la verg√ºenza cambie de bando
Fuck the patriarchy
Levanta la cabeza mi ni√±a, no fue tu culpa
La urgencia femenina de luchar por mi vida
Hombre bien criado no apoya el patriarcado
Yo ten√≠a 15 a√±os ¬øt√∫ qu√© edad ten√≠as?
Nos pidieron que no and√°ramos solas en la calle, as√≠ que nos unimos
Lo personal tambi√©n es pol√≠tico
Nacer mujer en este pa√≠s es una sentencia de muerte
Aborto legal
Yo soy tu abogada de confianza
Que los ojos de las desaparecidas te sigan en tus sue√±os, y los gritos de sus madres no te dejen dormir
La presidente solo protege a un hombre, nosotras no
Mami hoy voy a gritar por lo que a ti te hicieron callar
Si las mujeres bajaran los brazos, el cielo se caer√≠a
Si mi perro entiende un no, tu tambi√©n puedes
Somos la voz de las que ya no est√°n
1 de 4 ni√±as sufre violencia sexual, no es un caso aislado, es una epidemia, callar nos hace c√≥mplice
Con este culazo aplasto al patriarcado
Se te pone grande cuando acosas, pero chiquita cuando te delatan","No","","No","","S√≠",""
"2025/03/31 6:36:53 PM CST","Raquel Johannsen","2025-03-31","ZonaDocs","2025-03-09","Karen Garcia","Local","‚ÄúJusticia‚Äù: El clamor de las mujeres que tomaron las calles de Guadalajara","Fotograf√≠a","Entrevista","Neutral","N/A","S√≠","Fotos/ im√°genes / nombres de actores pol√≠ticos;Colores;Fichas de desaparecidos","S√≠","Colectivos Unidos de Jalisco","Hashtag","#8M2025","No","","No","","S√≠","Asimismo contingentes antiespecistas tambi√©n se manifestaban, entre ellas una mujer con su perrita mostraban su cartel ‚ÄúNi siendo de otra especie nos salva de ser violadas‚Äù.","No","","S√≠","Las madres tambi√©n salieron a luchar con sus hijes, quienes con consigna como ‚Äúlxs ni√±xs no se tocan‚Äù, ‚ÄúNos sembraron miedo, nos crecieron alas‚Äù o ‚ÄúNo te preocupes, cuando yo sea grande te cuido‚Äù, llenaban de esperanza y sentimiento a las marchantes. Quienes respond√≠an con las mismas consignas y mostraban solidaridad y sororidad a las madres y cuidadoras. Las maestras tambi√©n hicieron presencia, acompa√±adas de sus alumnas y de sus colegas gritaban: ‚ÄúLas maestras luchando tambi√©n est√°n ense√±ando‚Äù, entre ellas una maestra, quien con la emoci√≥n a flor de piel expres√≥ que marchaba por ella y sus alumnas.

","S√≠",""
"2025/03/31 6:40:16 PM CST","Raquel Johannsen","2025-03-31","ZonaDocs","2025-03-10","Aletse Torres","Local","‚ÄúLa verg√ºenza tiene que cambiar de bando‚Äù","Fotograf√≠a","Entrevista","Neutral","N/A","S√≠","Colores","No","","Hashtag","#8M2025","No","","No","","S√≠","Ped√≥filo Rodolfo L√≥pez, ex profesor de UNE Tesist√°n","No","","No","","S√≠",""
"2025/04/01 9:19:49 AM CST","Raquel Johannsen","2025-04-01","ZonaDocs","2025-03-09","Dalia Souza","Local","‚Äú¬°Que caiga con fuerza el feminicida!‚Äù: reclaman justicia colectivas en Jalisco para las v√≠ctimas de Eduardo ‚ÄúN‚Äù","Fotograf√≠a","Nota informativa","Neutral","N/A","S√≠","Fotos/ im√°genes / nombres de actores pol√≠ticos;Colores;Fichas de desaparecidos","S√≠","Feministas en Guadalajara ","Hashtag","#8M2025 #8M #Justicia #JusticiaparaKaren","No","","No","","No","","No","","No","","No",""
"2025/04/01 9:33:13 AM CST","Raquel Johannsen","2025-04-01","ZonaDocs","2025-03-09","Aletse Torres","Local","‚ÄúDe la rabia, naci√≥ nuestra esperanza‚Äù: as√≠ se vivi√≥ el #8M2025 en Guadalajara","Fotograf√≠a","Reportaje o cr√≥nica","Positiva","Con el lema ‚ÄúDesde la rabia, lucha y esperanza‚Äù, miles de mujeres, j√≥venes y ni√±as, disidencias, madres, familiares de v√≠ctimas de feminicidio y desapariciones, feministas anticapitalistas, mujeres con discapacidad y colectivas diversas tomaron las calles de Guadalajara este 8 de marzo para exigir justicia y visibilizar sus luchas contra la violencia.","S√≠","Banderas;Colores;Fichas de desaparecidos","S√≠","YoVoy8M;Tapat√≠as discas;Familias de personas desaparecidas y v√≠ctimas de feminicidio;Contingente carriola;Batukada;Contingente general de mujeres y disidencias","Hashtag","#8M2025","No","","No","","No","","No","","S√≠","‚ÄòJusticia por Isis‚Äô corearon decenas de asistentes, junto a la familia de esta joven.
La Batukada feminista que como cada a√±o acompa√±a el recorrido, marc√≥ el ritmo del andar con su en√©rgico canto: ‚Äú¬°La calle es nuestra!‚Äù
En el contingente Carriola, en su mayor√≠a integrado por madres y sus infancias, la consigna principal, ‚ÄúLas ni√±xs no se tocan‚Äù reson√≥ con fuerza.
‚Äú¬°No m√°s violencia obst√©trica!‚Äù, exigieron desde ‚ÄòCasa Aramara‚Äô.
En la Rambla Catalu√±a el contingente por Palestina, onde√≥ la bandera del pa√≠s y corearon consignas como ‚ÄúHasta que sean libres todas las mujeres y ni√±as de Palestina‚Äù y ‚ÄúDesde el r√≠o hasta el mar, Palestina vencer√°‚Äù, exigiendo el fin del genocidio.
‚ÄúAborto s√≠, aborto no‚Äù y ‚ÄúSaquen sus rosarios de mis ovarios‚Äù cantaron las participantes a los grupos antiderechos y religiosos que se encontraban resguardando las paredes de la iglesia de Nuestra Se√±ora del Carmen.
Para finalizar, gritaron al un√≠sono: ‚Äú¬°Nunca m√°s una lucha, ¬°sin todas y todes!‚Äù y el acto concluy√≥ con un grupo reunido, donde los colores morado y verde se entrelazaron, reflejando la fuerza y unidad de la lucha que contin√∫a, llena de esperanza y rabia.

","S√≠","Una mujer portanddo una playera morada ondea una bandera trans.
Cartel lee: ""tumbemos el cis-tema"".
""¬øC√≥mo quieres que nos callemos si nos quitaron a Isis?""
""Matemos al patriarcado""
""Las flores de la resistencia nacen del asfalto""
Mujer con pa√±uelo verde atado en la mu√±eca ondea bandera de M√©xico en la cual el color rojo ha sido cambiado por morado.
""Nos sembraron miedo, nos crecieron alas""
Grupo de mujeres extienden una bandera de palestina que abarca el ancho de la avenida, a su alrededor otras ondean banderas m√°s peque√±as tambi√©n de Palestina.
""Mam√° si no regreso, no prendas velas, prende barricadas""
""Maestra marchando, tambi√©n est√° ense√±ando""
""El alcohol que a √©l lo justifica, a mi me hace culpable""
""Que los ojos de tus hijas veas los de aquellas que lastimaste"" "
"2025/04/01 9:40:40 AM CST","Raquel Johannsen","2025-04-01","Milenio Jalisco","2025-03-08","Josefina Ruiz","Local","Esperan hasta 70 mil asistentes en marcha 8M en Guadalajara","Fotograf√≠a","Nota informativa","Neutral","N/A","S√≠","Colores","S√≠","YoVoy8M;Tapat√≠as discas;Familias de personas desaparecidas y v√≠ctimas de feminicidio","No contiene","","No","","No","","No","","No","","S√≠","‚ÄúDesde la rabia, lucha y esperanza‚Äù","S√≠","Foto panor√°mica que enfoca carteles que leen: ""Si un no regreso, abracen a mi mam√°"" ""Nadie deber√≠a sentir miedo de ser quien es"""
"2025/04/01 9:46:06 AM CST","Raquel Johannsen","2025-04-01","Milenio Jalisco","2025-03-06","F√°tima Brice√±o","Local","Red Yo Voy 8M se deslinda de la intervenci√≥n en la Minerva y exige respeto a sus demandas","Fotograf√≠a","Nota informativa","Neutral","N/A","S√≠","Fotos/ im√°genes / nombres de actores pol√≠ticos","S√≠","Frente Feminista de Jalisco;YoVoy8M","Hashtag;Imagen de posteos a X, Instagram, Facebook","Transcripci√≥n del post: Desde la Red YoVoy8M aclaramos que NO solicitamos ninguna de las intervenciones en la escultura de la Minerva realizadas el d√≠a de hoy, 05 de marzo de 2025, por elementos del Gobierno de Jalisco. Nos deslindamos de los actos de incongruencia que el gobierno del estado ha realizado a partir de esta intervenci√≥n, as√≠ como del caso omiso que han hecho a los comunicados realizados a distintas dependencias estatales y municipales desde el 28 de febrero, en los que se ha solicitado no suspender el servicio de elevadores de las tres l√≠neas del tren ligero, permitir el tr√°nsito de unidades de transporte con rampas para personas con movilidad diversa, as√≠ como no enviar elementos policiales a la marcha. La desaparici√≥n de miles de personas, las denuncias sin proceder y los actos de violencia estructural son hechos que no han podido solventar y ning√∫n pa√±uelo violeta sustituye las negligencias y las omisiones de su parte.  Les recordamos que somos una organizaci√≥n aut√≥noma, y pedimos que se respeten y atiendan nuestras solicitudes as√≠ como nuestros derechos. Desde la rabia, luchamos y sostenemos la esperanza. Siteur Jalisco Secretar√≠a de Transporte Jalisco Pablo Lemus Navarro Ver√≥nica Delgadillo Juan Jos√© Frangie Fiscal√≠a del Estado de Jalisco Secretar√≠a de Seguridad Jalisco #8M2025GDL #YoVoy8deMarzo #8M2025","No","","S√≠","Actor social","No","","No","","No","","No",""
"2025/04/01 9:51:35 AM CST","Raquel Johannsen","2025-04-01","Milenio Jalisco","2025-03-10","Gloria Reza","Local","Reprueba Arzobispado de Guadalajara vandalismo contra la Catedral","Fotograf√≠a","Nota informativa","Negativa","""La catedral de Guadalajara fue rayada durante las marchas del 8M""
""El Arzobispado de Guadalajara reprob√≥ los actos de vandalismo que se cometieron contra la catedral durante la marcha del D√≠a de la Mujer, que se realiz√≥ el pasado 8 de marzo""
""El Arzobispado pide poner un alto a este tipo de actos vand√°licos, y que se aplique la ley que corresponde ,pues ese tipo de expresiones van m√°s all√° de un derecho de manifestaci√≥n p√∫blica.""

","S√≠","Fotos/ im√°genes / nombres de actores pol√≠ticos","No","","No contiene","","No","","S√≠","Actor religioso","No","","No","
","No","","S√≠","Fotograf√≠a de la fachada delantera de la catedral, se se√±alan las pintas realizadas a la misma."
"2025/04/01 10:11:42 AM CST","Raquel Johannsen","2025-04-01","Milenio Jalisco","2025-03-04","Pablo N√∫√±ez","Local","Descartan vallas en edificios del Centro de Guadalajara durante 8M","Fotograf√≠a","Nota informativa","Neutral","N/A","S√≠","Fotos/ im√°genes / nombres de actores pol√≠ticos;Colores","S√≠","Frente Feminista de Jalisco;YoVoy8M","No contiene","","No","","No","","No","","No","","No","","S√≠","Foto panor√°mica que enfoca carteles que leen: ""Si un no regreso, abracen a mi mam√°"" ""Nadie deber√≠a sentir miedo de ser quien es"""
"2025/04/01 1:10:09 PM CST","Raquel Johannsen","2025-04-01","El Informador","2025-03-08","Yahaira Chagollan","Local"," VIVO: Todos los detalles de las marchas del 8M","Fotograf√≠a","Nota informativa","Neutral","N/A","S√≠","Banderas;Colores;Logos de colectivos","S√≠","Frente Feminista de Jalisco;YoVoy8M;Familias de personas desaparecidas y v√≠ctimas de feminicidio;Con Ovarios","No contiene","","No","","No","","No","","S√≠","La rabia y la exigencia de justicia se plasman en los grafitis, un recordatorio del hartazgo ante la violencia de g√©nero y la impunidad que sigue cobrando vidas. ","S√≠","[...] convocada por el Frente Feminista de Jalisco, bajo el lema ‚ÄúEn las guerras patriarcales ser mujer es resistencia‚Äù; se trata de una protesta separatista donde solo se admiten a mujeres de nacimiento.

Esta marcha pac√≠fica, convocada por la comunidad ‚ÄúYoVoy8M‚Äù, recorrer√° cerca de 5 kil√≥metros de distancia bajo el lema ‚ÄúDesde la Rabia, Lucha y Esperanza‚Äù. ","S√≠","Fotograf√≠a a√©rea de Plaza de la Liberaci√≥n donde se aprecia como las mujeres abren un c√≠rculo para la lectura del manifiesto, destaca una bandera de Palestina extendida.
Foto a√©rea donde se encuadra la Minerva y las mujeres a la espera del inicio de la marcha. Fotograf√≠a de la lona del colectivo Red YoVoy8M "
"2025/04/01 1:28:14 PM CST","Raquel Johannsen","2025-04-01","El Informador","2025-03-08","Marck Hern√°ndez","Local","As√≠ se vivi√≥ el 8M en Guadalajara este 2025","Fotograf√≠a","Nota informativa","Positiva","En M√©xico, durante el a√±o 2024, hubo un total de 839 feminicidios seg√∫n el Gobierno Federal y hay m√°s de 28 mil mujeres desaparecidas de acuerdo con el Registro Nacional de Personas Desaparecidas.","S√≠","Colores;Logo de partidos;Fichas de desaparecidos","S√≠","Familias de personas desaparecidas y v√≠ctimas de feminicidio","No contiene","","No","","No","","No","","No","","S√≠","Miles de tapat√≠as protestaron como parte de la marcha en conmemoraci√≥n del 8M D√≠a Internacional de la Mujer. La principal consigna: que frene la violencia contra las mujeres.

En todo el contingente se gritaron distintas consignas: ""todos somos Isis"", ""no somos una, no somos tres, pi@$# gobierno cu√©ntanos bien"", ""hija escucha, tu madre est√° en la lucha"", ""mujer escucha, esta es tu lucha"", ""vivas se las llevaron, vivas las queremos"", ""no es desfile, es protesta"", entre otras.","S√≠","¬øExisto porque resisto, o porque a√∫n no me toca?
Por todas las que nos arrebataron
Grito por lo pasado, marcho por el futuro
Nada es m√°s fuerte que una maestra ense√±ando a sus alumnas a luchar
¬øTe cansas de o√≠rlo? Nosotras de vivirlo
A mi nadie me cortar√° mis alas
Dos mujeres vestidas con trajes de la novela ""The Handmaid's Tale"" sostienen un cartel que lee: Basta una crisis econ√≥mica o religiosa para que los derechos de las mujeres vuelvan a ser cuestionados
Mujeres ten√≠amos que ser
Si ma√±ana soy yo, no olvides mi nombre
Un abrazo fuerte que te rompa los miedos
Si los abusos fueran fuego M√©xico estar√≠a en llamas
Fotos a√©reas de la marcha en diferentes momentos y espacios: la Minerva, Av. Vallarta, frente a la Catedral y en Plaza de la Liberaci√≥n
"
"2025/04/01 1:29:55 PM CST","Raquel Johannsen","2025-04-01","El Informador","2025-03-06","Alexia Desiree Lepe Lucas","Local","Marcha 8M en Guadalajara: Este ser√° el clima durante las manifestaciones","No contiene","Nota informativa","Neutral","N/A","No","","No","","No contiene","","No","","No","","No","","No","","No","","No",""
"2025/04/01 1:32:47 PM CST","Raquel Johannsen","2025-04-01","El Informador","2025-03-09","El Informador","Local","Libres y vivas, el clamor de las mujeres","Fotograf√≠a","Nota informativa","Neutral","N/A","No","","No","","No contiene","","No","","No","","No","","No","","S√≠","Corearon y gritaron m√∫ltiples consignas: ‚ÄúHija, escucha: tu madre est√° en la lucha‚Äù. ‚ÄúVivas se las llevaron, vivas las queremos‚Äù. ‚ÄúNo es desfile, es protesta‚Äù.
Otras gritaron para recordar a las v√≠ctimas de feminicidios o que hoy est√°n desaparecidas, pero el objetivo fue un√≠sono: que ya no haya miedo, que est√©n libres y sobre todo, vivas.","No",""
"2025/04/01 1:35:01 PM CST","Raquel Johannsen","2025-04-01","El Informador","2025-03-02","Rub√≠ Bobadilla","Local","oma nota: Estas son las marchas que habr√° en Guadalajara por el 8M","Fotograf√≠a;Gr√°fica","Nota informativa","Neutral","N/A","No","","S√≠","Frente Feminista de Jalisco;YoVoy8M","No contiene","","No","","No","","No","","No","","No","","No",""
"2025/04/01 1:39:46 PM CST","Raquel Johannsen","2025-04-01","El Informador","2025-03-08","Carolina Mart√≠nez","Local","8M toma las calles: Exigencia, memoria y resistencia en Jalisco","Fotograf√≠a","Nota informativa","Positiva","La marcha del 8M avanza por las calles de Guadalajara con un mensaje claro: justicia, respeto y visibilizaci√≥n de la lucha de las mujeres. Aunque la movilizaci√≥n ha sido pac√≠fica, el descontento se refleja en las consignas y las pintas que cubren algunas paredes y calles","S√≠","Colores","No","","No contiene","","No","","No","","No","","S√≠","La rabia y la exigencia de justicia se plasman en los grafitis, un recordatorio del hartazgo ante la violencia de g√©nero y la impunidad que sigue cobrando vidas.
Aunque la movilizaci√≥n ha sido pac√≠fica, el descontento se refleja en las consignas y las pintas que cubren algunas paredes y calles.  ","S√≠","Las voces resuenan con fuerza: ""¬°Esas feministas s√≠ me representan!"", gritan las manifestantes mientras levantan sus pancartas.","S√≠","Foto a√©rea de la marcha sobre Av. Vallarta, pueden apreciarse los colores verde y morado.
Foto de cartel de Honda con pintas que leen: ""ACAB"" (All cops are bastards) y ""RADFEM"""
"2025/04/01 1:43:28 PM CST","Raquel Johannsen","2025-04-01","El Informador","2025-03-07","SUN","Nacional","¬øQu√© hacer si no puedes asistir a la marcha del 8M?","Fotograf√≠a","Nota informativa","Positiva","Miles de mujeres mexicanas saldr√°n a protestar a las calles, uni√©ndose en una misma voz para pronunciarse en contra del sistema opresor y la violencia","S√≠","Colores","No","","Hashtag","#D√≠a de la Mujer #feminismo #8M #marcha 8M","No","","No","","No","","No","","No","","No",""
"2025/04/01 1:45:45 PM CST","Raquel Johannsen","2025-04-01","El Informador","2025-03-05","Nancy Andrade J√°uregui","Local","Consejos de seguridad que debes tomar en cuenta para la marcha del 8M en GDL","Fotograf√≠a;Gr√°fica","Nota informativa","Positiva","El pr√≥ximo s√°bado 8 de marzo se conmemora el D√≠a Internacional de la Mujer, una fecha para reflexionar sobre la lucha de las mujeres por la igualdad, el reconocimiento y el ejercicio efectivo de sus derechos.","S√≠","Colores;Logos de colectivos","S√≠","YoVoy8M","No contiene","","No","","No","","No","","No","","No","","S√≠","No nac√≠ mujer para morir por serlo
Se me acab√≥ el miedo, lo us√© todo"
"2025/04/01 1:48:27 PM CST","Raquel Johannsen","2025-04-01","El Informador","2025-03-07","Jaime Barrera","Local","Otra vez, v√≠spera violenta al #8M","No contiene","De opini√≥n y/o an√°lisis","Neutral","N/A","No","","No","","No contiene","","No","","No","","No","","No","","No","","No",""
"2025/04/01 1:52:16 PM CST","Raquel Johannsen","2025-04-01","El Informador","2025-03-08","Carolina Mart√≠nez","Local","Astrid y su hijo no se olvidan; la marcha del 8M exige justicia","Fotograf√≠a","Nota informativa","Positiva","Desde la Glorieta la Minerva se respira dolor, rabia, resistencia, pero m√°s que nada, uni√≥n y hermandad","S√≠","Colores","No","","No contiene","","No","","No","","No","","No","","S√≠","Mientras el contingente avanza, el eco de un solo mensaje resuena en las calles ‚Äú¬°Vivas nos queremos!, ¬°No es desfile, es protesta!"".","S√≠","Fotograf√≠a de la marcha donde destaca el color morado en la vestimenta de las presentes.
Dos mujeres que marchan por el feminicido de Astrid y su hijo de 16 a√±os, portando pa√±uelos de color morado en el cuello y vestimenta del mismo color."
"2025/04/01 2:25:55 PM CST","Raquel Johannsen","2025-04-01","Mural","2024-03-07","Mariana Quintero","Local","As√≠ ser√° la ruta de la marcha 8M en Guadalajara","Gr√°fica","Nota informativa","Neutral","N/A","No","","S√≠","Frente Feminista de Jalisco;YoVoy8M;Tapat√≠as discas;Familias de personas desaparecidas y v√≠ctimas de feminicidio;Contingente carriola;Mixto;Contingente general de mujeres y disidencias","No contiene","","No","","No","","No","","No","","No","","No",""
"2025/04/01 2:37:47 PM CST","Raquel Johannsen","2025-04-01","Mural","2025-03-08","Grupo REFORMA","Local","El #8M en Guadalajara a trav√©s de im√°genes","Fotograf√≠a","Nota informativa","Neutral","N/A","S√≠","Banderas;Colores;Logos de colectivos;Fichas de desaparecidos","No","","No contiene","","No","","No","","No","","No","","No","","S√≠","Fotograf√≠a de madres con infancias, portan cartel que lee: ""siembra rebeld√≠a, cosecha libertad""
""Marcho para que mis nietas tengan un lugar seguro donde vivir""
Fotograf√≠a del contingente de personas desaparecidas y v√≠ctimas de feminicidio, portan carteles con fichas de b√∫squeda.
Fotograf√≠a donde se aprecia la lona principal con el emblema ""Desde la rabia, lucha y esperanza""
Fotograf√≠a de un momento en el que una mujer del bloque negro alza el pu√±o en se√±al de silencio.
Fotograf√≠a en el que mujeres del bloque negro incendian una red.
""Ni fr√≠a ni tibia, soy fuego""
Fotograf√≠a a una mujer con un cartel que lee: ""te qued√≥ grande la lucha in√∫til"" con una fotograf√≠a de Paquita la del Barrio. Detr√°s se aprecia la catedral, en uno de los postes cuelga una bandera de M√©xico con manos rojas pintadas.
Fotograf√≠a de una mujer con alas de mariposa moradas, posicionada por encima del resto, las mujeres en el fondo le miran.
Mujer con una mano pintada sobre la boca y el pu√±o en alto corea consignas.
Mujeres se abrazan mientras una de ellas llora.
Mujer con las palabras que lleva su cartel escritas sobre el cuerpo: ""soy madre, soy hija, soy hermana, soy nieta, soy t√≠a, soy sobrina, soy prima, soy abuela, soy artista, soy mujer soy persona. NO soy una carpeta de investigaci√≥n""
Fotograf√≠a de una mujer tomando una foto al Sirloin Stockade, donde los cristales est√°n rotos. Las trabajadoras sonr√≠en y saludan desde adentro"".
Fotograf√≠a a√©rea de la concentraci√≥n antes de Plaza de la Liberaci√≥n
Fotograf√≠a de la concentraci√≥n frente a la Catedral, destaca una bandera de Palestina"
"2025/04/01 4:07:28 PM CST","Raquel Johannsen","2025-04-01","Mural","2025-03-07","Mart√≠n Aquino","Local","Respaldar√° Congreso local movilizaci√≥n por 8M","Fotograf√≠a","Entrevista","Neutral","N/A","S√≠","Fotos/ im√°genes / nombres de actores pol√≠ticos","No","","No contiene","","No","","No","","No","","No","","No","","No",""
"2025/04/01 4:12:20 PM CST","Raquel Johannsen","2025-04-01","Mural","2025-03-08","Mariana Quintero","Local","Salen miles a marchar por el #8M en Guadalajara","Fotograf√≠a","Nota informativa","Positiva","Nuevamente las mujeres tomaron las calles de Guadalajara para exigir justicia.","S√≠","Colores;Fichas de desaparecidos","S√≠","YoVoy8M;Batukada","No contiene","","No","","No","","No","","No","","S√≠","Durante el paso del continente, las consignas para exigir el cese de la violencia hacia las mujeres fueron la constante: ¬°Se√±or, se√±ora, no sea indiferente, se mata a las mujeres en la cara de la gente!"", ""¬°Vivas se las llevaron, vivas las queremos!"", ""¬°Ni una m√°s, ni una asesinada m√°s!"", gritaban.

Mientras el posicionamiento era le√≠do otro grupo de mujeres de agrup√≥ en c√≠rculo: muchas narraron sus experiencias de abuso, de acoso y de violencia; y tras sus testimonios retumbaba fuerte el ""¬°No est√°s sola!"" y ""¬°Yo s√≠ te creo!"", de las que escuchaban.","S√≠","Fotograf√≠a al contingente de familiares de personas desaparecidas y v√≠ctimas de feminicidio, resaltan las fichas de b√∫squeda que cargan las familias.
Fotograf√≠a de una mujer con alas de mariposa moradas, posicionada por encima del resto, las mujeres en el fondo le miran
""Si no hay justicia para ellas, no hay paz para el gobierno""
Fotograf√≠a de las mujeres concentr√°ndose antes de la Plaza de la Liberaci√≥n"
"2025/04/01 5:29:55 PM CST","Raquel Johannsen","2025-04-01","Mural","2025-03-10","Grupo REFORMA","Local","Cardenal reprueba vandalismo en el 8M","Fotograf√≠a","Nota informativa","Negativa","Catedral vandalizada durante protestas del 8M","S√≠","Fotos/ im√°genes / nombres de actores pol√≠ticos","No","","No contiene","","No","","S√≠","Actor religioso","No","","No","","No","","S√≠","Fotograf√≠a de una pared de la Catedral que tiene una pinta que lee: ""La Iglesia tambi√©n encubre violadores""."
"2025/04/01 5:37:14 PM CST","Raquel Johannsen","2025-04-01","Mural","2025-03-08","Grupo REFORMA","Local","Marcha separatista exige justicia para v√≠ctimas de violencia","Video","Reportaje o cr√≥nica","Positiva","8M GDL: Mujeres alzan la voz contra violencia y feminicidios","S√≠","Colores;Fichas de desaparecidos","S√≠","Frente Feminista de Jalisco;Bloque negro","No contiene","","No","","No","","No","","S√≠","El bloque negro, que se encarga de practicar la iconoclasia.","S√≠","""Vivas se las llevaron, vivas las queremos""
""El patriarcado no se va a caer, lo vamos a tirar""
""La UdeG encubre abusadores""
""Por las que estuvieron, por las que no y por las que vienen. Alerta al que camina, la lucha feminista por √Åmerica Latina""","No",""
"2025/04/01 5:40:36 PM CST","Raquel Johannsen","2025-04-01","El Informador","2025-03-07","El Informador","Nacional","As√≠ puedes dise√±ar tu cartel si asistes a la marcha el 8M","Fotograf√≠a","Nota informativa","Positiva","Dise√±ar un cartel para la marcha del 8M, debe ser una tarea que comunique claramente el mensaje de empoderamiento, igualdad y lucha contra la violencia de g√©nero","No","","No","","No contiene","","No","","No","","No","","No","","No","","S√≠","Foto de un cartel que lee: ""no fue mi ropa, no fue mi culpa"""
"2025/04/01 5:48:12 PM CST","Raquel Johannsen","2025-04-01","Mural","2025-03-09","Mariana Quintero","Local","Luchan desde la rabia por el #8M","Fotograf√≠a;Video","Reportaje o cr√≥nica","Neutral","N/A","S√≠","Banderas;Colores;Logos de colectivos;Fichas de desaparecidos","S√≠","Frente Feminista de Jalisco;YoVoy8M;Tapat√≠as discas;Batukada","No contiene","","S√≠","Observadores","No","","No","","No","","S√≠","
""¬°Se√±or, se√±ora, no sea indiferente, se mata a las mujeres en la cara de la gente!"", ""¬°Vivas se las llevaron, vivas las queremos!"", ""¬°Ni una m√°s, ni una asesinada m√°s!"", eran los gritos que pronunciaban miles.","S√≠","Fotograf√≠a de un momento en el que una mujer del bloque negro alza el pu√±o en se√±al de silencio."
"2025/04/01 6:23:30 PM CST","Diego Aguirre","2025-04-01","El Informador","2025-03-08","Carolina Mart√≠nez","Local","Trabajadoras alzan la voz y apoyan la marcha del 8M","Fotograf√≠a","Nota informativa","Positiva","La nota habla de manera favorable sobre las mujeres que trabajan en tiendas cercanas a la marcha.","S√≠","Banderas;Colores","No","","No contiene","","No","Manifestantes","No","","S√≠","D√≠a Internacional de las Mujeres","No","","S√≠","¬°Mujeres que trabajan tambi√©n est√°n luchando!","No",""
"2025/04/01 6:34:46 PM CST","Diego Aguirre","2025-04-01","El Informador","2025-03-09","El Informador","Local","‚ÄúMis ancestras callaron; yo quiero que la violencia pare""","Fotograf√≠a","Nota informativa","Positiva","La nota habla de manera favorable de las mujeres protagonistas y del movimiento.","S√≠","Colores","No","","No contiene","","No","","No","","S√≠","8M Las Ni√±as","No","","No","""Las ni√±as marchando tambi√©n est√°n luchando""","No",""
"2025/04/01 6:39:39 PM CST","Diego Aguirre","2025-04-01","El Informador","2025-04-08","Mark Hern√°ndez","Local","Comienza concentraci√≥n en La Minerva","Fotograf√≠a","Nota informativa","Neutral","N/A","S√≠","Colores;Fichas de desaparecidos","No","","No contiene","","No","","No","","S√≠","Desde la rabia, lucha y esperanza","No","","No","","No",""
"2025/04/01 6:48:25 PM CST","Diego Aguirre","2025-04-01","El Informador","2025-02-25","Nancy Andrade J√°uregui","Local","Esta ser√° la ruta de la marcha del 8M en Guadalajara ","Fotograf√≠a;Infograf√≠a","Nota informativa","Neutral","N/A","S√≠","Banderas;Colores;Fichas de desaparecidos","No","","Imagen de posteos a X, Instagram, Facebook","Post de Facebook de la organizaci√≥n de la marcha","No","","No","","S√≠","#Justiciaparasibia","No","","No","","S√≠","Desde la rabia, lucha y esperanza
"
"2025/04/01 6:56:42 PM CST","Diego Aguirre","2025-04-01","El Informador","2025-03-08","Rub√≠ Bobadilla","Local","Marchan en Guadalajara contra los feminicidios, los abusos y la violencia vicaria","Fotograf√≠a","Reportaje o cr√≥nica","Neutral","N/A
","S√≠","Colores;Logos de colectivos;Fichas de desaparecidos","S√≠","colectivo de familiares y amistades de Astrid Cruz,","No contiene","","No","","No","","S√≠","Colectivas unidas por fer y astrid ","S√≠","Ni una m√°s","S√≠","""No es desfile, es protesta"", ""Vivas se las llevaron, vivas las queremos"" y ""Ni una m√°s, ni una m√°s. Ni una asesinada m√°s""","S√≠","Ni una m√°s"
"2025/04/02 1:46:21 PM CST","Diego Aguirre","2025-04-02","El Informador","2025-03-08","Rub√≠ Bobadilla","Local","Frente radical feminista sale de la Glorieta de los Ni√±os H√©roes","Fotograf√≠a","Nota informativa","Neutral"," N/A","S√≠","Banderas;Colores","No","","No contiene","","No","","No","","No","Ser mujer","No","","S√≠","""Ni una m√°s, ni una m√°s. Ni una asesinada m√°s"" y ""Vivas se las llevaron, vivas las queremos"".  ""En las guerras patriarcales, ser mujer es resistencia"".

","No",""
"2025/04/03 10:05:00 AM CST","Diego Aguirre","2025-04-03","El Informador","2025-04-10","El informador","Local","Congreso de Jalisco destaca el √©xito de las medidas adoptadas durante la marcha del 8M","Fotograf√≠a","Nota informativa","Neutral","N/A","S√≠","Fotos/ im√°genes / nombres de actores pol√≠ticos","S√≠","","No contiene","","No","Actor pol√≠tico","No","","No","","No","","No","","No",""
"2025/04/03 10:10:45 AM CST","Diego Aguirre","2025-04-03","El Informador","2025-03-07","El Informador","Local","Marchas 8M Guadalajara: Estos son los cierres viales y rutas alternativas","Fotograf√≠a;Gr√°fica","Nota informativa","Neutral","N/A","No","","No","","No contiene","","No","","S√≠","Observadores","No","","No","","No","","No",""
"2025/04/03 10:14:53 AM CST","Diego Aguirre","2025-04-03","El Informador","2025-03-08","Marck Hern√°ndez","Local","Claman justicia por Isis y Liz, v√≠ctimas de feminicidio","Fotograf√≠a","Nota informativa","Neutral","N/A","S√≠","Colores","No","","No contiene","","No","","No","","S√≠","Desde la rabia, lucha y esperanza","No","","S√≠","""todos somos Isis"", ""nos falta Liz"", ""no est√°n solas""","S√≠","Desde la rabia, lucha y esperanza"
"2025/04/03 10:25:30 AM CST","Diego Aguirre","2025-04-03","El Informador","2025-03-06","El Informador","Local","El MUSA conmemora el D√≠a Internacional de la Mujer con arte y reflexi√≥n","Fotograf√≠a","Nota informativa","Positiva","La nota comparte informaci√≥n positiva sobre la marcha.","S√≠","Colores","No","","No contiene","","No","","No","","No","","No","","No","","No",""
"2025/04/03 10:27:29 AM CST","Diego Aguirre","2025-04-03","El Informador","2025-03-07","Nancy Andrade J√°uregui","Local","Rutas de camiones cambiar√°n sus recorridos el s√°bado en GDL debido a marchas por el 8M","Fotograf√≠a;Gr√°fica;Infograf√≠a","Nota informativa","Neutral","N/A","No","","No","","No contiene","","No","","S√≠","Observadores","No","","No","","No","","No",""
"2025/04/03 11:22:18 AM CST","Diego Aguirre","2025-04-03","El Informador","2025-03-07","El Informador","Local","Estas son las actividades GRATIS en Guadalajara por el 8M","Fotograf√≠a","Nota informativa","Positiva","La nota comparte actividades positivas sobre la marcha.","S√≠","Colores","No","","No contiene","","No","","No","","S√≠","Ni calladitas ni bonitas","No","","No","","S√≠","Ni calladitas ni bonitas
"
"2025/04/03 11:32:24 AM CST","Diego Aguirre","2025-04-03","El Informador","2025-03-07","El Informador","Local","Tlaquepaque conmemora el D√≠a Internacional de la Mujer","Fotograf√≠a","Nota informativa","Neutral","N/A","S√≠","Fotos/ im√°genes / nombres de actores pol√≠ticos","No","","No contiene","","No","Actor pol√≠tico","No","","No","","No","","No","","No",""
"2025/04/03 11:36:32 AM CST","Diego Aguirre","2025-04-03","Mega Noticias","2025-03-08","H√©ctor Escamilla","Local","Participan miles en movilizaciones del 8M en Guadalajara","Fotograf√≠a","Nota informativa","Negativa","Escriben de manera negativa al respecto de las manifestaciones.","S√≠","Colores","S√≠","Bloque negro","No contiene","","S√≠","Manifestantes","No","","No","","No","","No","","No",""
"2025/04/03 11:39:39 AM CST","Diego Aguirre","2025-04-03","Mega Noticias","2025-03-08","Her√©ndira G√≥nzalez","Local","üìπMarchan por todas en el 8M","Video","Entrevista","Neutral","N/A","S√≠","Colores","S√≠","Regla Rota Salamanca","No contiene","","S√≠","Manifestantes","No","","No","","No","","No","","No",""
"2025/04/03 11:41:50 AM CST","Diego Aguirre","2025-04-03","Mega Noticias","2025-03-09","H√©ctor Escamilla","Local","Atienden Iglesia da√±os a edificios religiosos tras protestas del 8M","Fotograf√≠a","Entrevista","Negativa","Se reconoce a la marcha como una actividad de ataques.","S√≠","Fotos/ im√°genes / nombres de actores pol√≠ticos;Colores","No","","No contiene","","S√≠","Actor religioso","S√≠","Actor religioso","No","","No","","No","","No",""
"2025/04/03 11:47:45 AM CST","Diego Aguirre","2025-04-03","Mega Noticias","2025-03-06","Israel Rangel","Local","Agrupaci√≥n feminista pide servicio de transporte p√∫blico para el 8M","Fotograf√≠a;Gr√°fica","Nota informativa","Neutral","N/A","No","Colores;Logos de colectivos","S√≠","YoVoy8M","No contiene","","No","","S√≠","Actor pol√≠tico","No","","No","","No","","No",""
"2025/04/03 11:52:18 AM CST","Diego Aguirre","2025-04-03","Mega Noticias","2025-03-07","Israel Rangel","Local","Desplegar√°n mujeres de la Polic√≠a Vial para marchas del 8M","Fotograf√≠a;Gr√°fica","Nota informativa","Neutral","N/A","No","Banderas;Colores","No","","No contiene","","No","","No","","No","","No","","No","","No",""
"2025/04/03 11:59:54 AM CST","Diego Aguirre","2025-04-03","Mega Noticias","2025-03-08","H√©ctor Escamilla","Local","Reportan 30 mil asistentes en protestas del 8M en Guadalajara","Fotograf√≠a","Nota informativa","Negativa","Describe a la marcha de manera peyorativa. ","S√≠","Colores","S√≠","Bloque negro","No contiene","","S√≠","Manifestantes","No","","No","","No","","No","","No",""
"2025/04/03 12:02:14 PM CST","Diego Aguirre","2025-04-03","Mega Noticias","2025-03-06","Israel Rangel","Local","Previo al 8M monumentos de Guadalajara se iluminan de morado","Fotograf√≠a","Nota informativa","Neutral","N/A","S√≠","Fotos/ im√°genes / nombres de actores pol√≠ticos;Colores","No","","No contiene","","No","","S√≠","Actor pol√≠tico","No","","No","","No","","No",""
"2025/04/03 12:07:21 PM CST","Diego Aguirre","2025-04-03","Mega Noticias","2025-03-08","Karla Solorio","Local","Feministas tumban puerta de Palacio, gritan ""Indira no es aliada""","Fotograf√≠a","Nota informativa","Negativa","La nota manifiestan desconformidad con las actitudes de las manifestantes.","S√≠","Colores","No","","No contiene","","S√≠","Manifestantes","S√≠","Actor pol√≠tico","S√≠","""Estar de suerte es estar viva"" ""Yo soy valiente, quiero ser libre"" ""Quiero ver a mis amigas egresadas no enterradas""","S√≠","No nos representan","No","","S√≠","""Estar de suerte es estar viva"" ""Yo soy valiente, quiero ser libre"" ""Quiero ver a mis amigas egresadas no enterradas"""
"2025/04/03 12:25:23 PM CST","Diego Aguirre","2025-04-03","UDG TV","2025-03-07","Elisabeth Ortiz","Local","Esperan a m√°s de 65 mil mujeres en marcha del 8M en Jalisco","Fotograf√≠a","Nota informativa","Neutral","N/A","S√≠","Colores","No","","No contiene","","No","","No","","No","","No","","No","","No",""
"2025/04/03 12:28:27 PM CST","Diego Aguirre","2025-04-03","UDG TV","2025-03-03","RadioUDG","Local","Punto Cinco - Lu. 03 Mar 2025 - #LunesDeEllas","Fotograf√≠a;Audio","De opini√≥n y/o an√°lisis","Positiva","Opinan de manera positiva.","No","","No","","No contiene","","No","","No","","No","","No","","No","","No",""
"2025/04/03 12:31:44 PM CST","Diego Aguirre","2025-04-03","UDG TV","2025-03-10","RadioUDG","Local","Cosa P√∫blica 2.0","Fotograf√≠a;Audio","Debate","Neutral","N/A","No","","No","","No contiene","","No","","No","","No","","No","","No","","No",""
"2025/04/03 12:52:31 PM CST","Diego Aguirre","2025-04-03","Tr√°fico ZMG","2025-03-06","AMH","Local","450 mujeres de la Polic√≠a Vial resguardar√°n las marchas del 8M","Fotograf√≠a","Nota informativa","Neutral","N/A","S√≠","Banderas;Colores","No","","No contiene","","No","","No","","No","","No","","No","","No",""
"2025/04/07 10:35:38 AM CST","Diego Aguirre","2025-04-07","El Occidental","2025-04-09","Diego Villase√±or","Local","‚ÄúNo es desfile, es protesta‚Äù: El eco de las mujeres retumba en Guadalajara","Fotograf√≠a","Reportaje o cr√≥nica","Positiva","Retratan la marcha de manera positiva.","S√≠","Banderas;Colores","No","","No contiene","","No","","No","","No","","No","","No","","No",""
"2025/04/07 10:42:19 AM CST","Diego Aguirre","2025-04-07","El Occidental","2025-03-08","Viridiana Saavedra","Local","","Fotograf√≠a;Video","Nota informativa","Negativa","N/A","S√≠","Colores;Logos de colectivos","No","","No contiene","","No","","No","","No","","No","","No","","No",""
"2025/04/07 10:46:56 AM CST","Diego Aguirre","2025-04-07","El Occidental","2025-02-25","Janeth Gonz√°lez","Local","8M Guadalajara 2025: Conoce las rutas para salir a marchar","Fotograf√≠a;Gr√°fica","Nota informativa","Neutral","N/A","S√≠","Colores","S√≠","","No contiene","","No","","No","","No","","No","","No","","No","¬øTe cansas de o√≠rlo? Nosotras de vivirlo"
"2025/04/07 10:51:43 AM CST","Diego Aguirre","2025-04-07","El Occidental","2025-04-08","Viridiana Saavedra y Rosario Bare√±o y Rom√°n Ortega","Local","8M en Guadalajara: Mujeres exigen justicia por feminicidios y v√≠ctimas en Teuchitl√°n","Fotograf√≠a;Gr√°fica","Nota informativa","Neutral","N/A","S√≠","Banderas;Colores","No","","No contiene","","No","","No","","No","‚ÄúNi sumisa ni callada, mujer fuerte empoderada‚Äù","No","","S√≠","‚ÄúNi sumisa ni callada, mujer fuerte empoderada‚Äù","S√≠","‚ÄúNi sumisa ni callada, mujer fuerte empoderada‚Äù"
"2025/04/07 11:18:42 AM CST","Diego Aguirre","2025-04-07","El Occidental","2025-03-07","Elizabeth Ibal","Local","Marchas del 8M en Guadalajara ser√°n resguardadas por 450 oficiales mujeres de la Polic√≠a Vial","Fotograf√≠a","Nota informativa","Neutral","N/A","S√≠","Banderas;Colores","No","","No contiene","","No","","S√≠","Observadores","No","","No","","No","","No",""
"2025/04/07 11:44:55 AM CST","Diego Aguirre","2025-04-07","Arquimedios","2025-04-09","Jorge Rocha","Local","Las mujeres en Guadalajara","Fotograf√≠a","Nota informativa","Neutral","N/A","No","","No","","No contiene","","No","","No","","No","","No","","No","","No",""
"2025/04/07 11:48:43 AM CST","Diego Aguirre","2025-04-07","Arquimedios","2025-03-02","Michelle Fletes Robles","Local","¬øC√≥mo entender la marcha del 8M?","Fotograf√≠a","Nota informativa","Positiva","Ayuda a entender c√≥mo funciona el d√≠a.","No","Colores","No","","No contiene","","No","","No","","No","","No","","No","","No",""